{
  "model": "mixed",
  "epoch": 20,
  "baseline_accuracy": 0.15625,
  "key_heads": [
    {
      "layer": 0,
      "head": 3,
      "accuracy_drop": 0.02187499962747097,
      "ablated_accuracy": 0.13437500037252903,
      "letter_match": 0.06964466720819473,
      "entropy": 2.263547897338867
    },
    {
      "layer": 1,
      "head": 0,
      "accuracy_drop": 0.02187499962747097,
      "ablated_accuracy": 0.13437500037252903,
      "letter_match": 0.08860234171152115,
      "entropy": 1.624137043952942
    },
    {
      "layer": 1,
      "head": 7,
      "accuracy_drop": 0.02187499962747097,
      "ablated_accuracy": 0.13437500037252903,
      "letter_match": 0.12997668981552124,
      "entropy": 1.8667556047439575
    },
    {
      "layer": 1,
      "head": 5,
      "accuracy_drop": 0.012500000186264515,
      "ablated_accuracy": 0.14374999981373549,
      "letter_match": 0.1000390574336052,
      "entropy": 1.3635191917419434
    }
  ]
}